State,County,"INVENTORY OF HOGS: (1,000 OR MORE HEAD)"
ALABAMA,SUMTER,1
ALABAMA,CHEROKEE,1
ALABAMA,DE KALB,1
ALABAMA,PICKENS,1
ARIZONA,NAVAJO,1
ARIZONA,PIMA,1
ARKANSAS,CONWAY,4
ARKANSAS,IZARD,1
ARKANSAS,BENTON,1
ARKANSAS,WASHINGTON,2
ARKANSAS,HEMPSTEAD,3
ARKANSAS,HOWARD,4
ARKANSAS,PIKE,2
ARKANSAS,SEVIER,4
ARKANSAS,POLK,1
ARKANSAS,POPE,3
ARKANSAS,YELL,2
CALIFORNIA,BUTTE,1
CALIFORNIA,FRESNO,1
CALIFORNIA,STANISLAUS,2
CALIFORNIA,TULARE,1
CALIFORNIA,SAN DIEGO,1
COLORADO,ADAMS,1
COLORADO,KIOWA,1
COLORADO,KIT CARSON,1
COLORADO,PHILLIPS,1
COLORADO,WASHINGTON,1
COLORADO,YUMA,2
COLORADO,LOGAN,1
COLORADO,SEDGWICK,1
COLORADO,BENT,1
COLORADO,PROWERS,2
GEORGIA,CANDLER,2
GEORGIA,HART,1
GEORGIA,OGLETHORPE,2
GEORGIA,BERRIEN,1
GEORGIA,BROOKS,1
GEORGIA,COFFEE,2
GEORGIA,TATTNALL,1
GEORGIA,CLAY,1
IDAHO,LATAH,1
IDAHO,CASSIA,1
IDAHO,ADA,1
ILLINOIS,LOGAN,12
ILLINOIS,MACON,1
ILLINOIS,MASON,1
ILLINOIS,MCLEAN,11
ILLINOIS,MENARD,1
ILLINOIS,PEORIA,3
ILLINOIS,STARK,3
ILLINOIS,TAZEWELL,10
ILLINOIS,WOODFORD,16
ILLINOIS,CHAMPAIGN,5
ILLINOIS,FORD,6
ILLINOIS,IROQUOIS,10
ILLINOIS,KANKAKEE,1
ILLINOIS,LIVINGSTON,26
ILLINOIS,VERMILION,5
ILLINOIS,CLARK,10
ILLINOIS,CLAY,8
ILLINOIS,COLES,7
ILLINOIS,CRAWFORD,1
ILLINOIS,CUMBERLAND,7
ILLINOIS,EDGAR,1
ILLINOIS,EFFINGHAM,19
ILLINOIS,FAYETTE,3
ILLINOIS,JASPER,18
ILLINOIS,LAWRENCE,11
ILLINOIS,MOULTRIE,1
ILLINOIS,RICHLAND,8
ILLINOIS,SHELBY,9
ILLINOIS,BOONE,3
ILLINOIS,DE KALB,30
ILLINOIS,KANE,3
ILLINOIS,LA SALLE,1
ILLINOIS,MCHENRY,4
ILLINOIS,WILL,3
ILLINOIS,BUREAU,10
ILLINOIS,CARROLL,10
ILLINOIS,HENRY,14
ILLINOIS,JO DAVIESS,1
ILLINOIS,LEE,7
ILLINOIS,MERCER,20
ILLINOIS,OGLE,18
ILLINOIS,PUTNAM,2
ILLINOIS,ROCK ISLAND,5
ILLINOIS,STEPHENSON,12
ILLINOIS,WHITESIDE,18
ILLINOIS,WINNEBAGO,1
ILLINOIS,EDWARDS,4
ILLINOIS,FRANKLIN,5
ILLINOIS,JEFFERSON,3
ILLINOIS,SALINE,10
ILLINOIS,WAYNE,8
ILLINOIS,WHITE,1
ILLINOIS,CLINTON,10
ILLINOIS,MONROE,2
ILLINOIS,RANDOLPH,1
ILLINOIS,ST CLAIR,1
ILLINOIS,WASHINGTON,12
ILLINOIS,ADAMS,26
ILLINOIS,BROWN,2
ILLINOIS,FULTON,6
ILLINOIS,HANCOCK,17
ILLINOIS,HENDERSON,7
ILLINOIS,KNOX,17
ILLINOIS,MCDONOUGH,9
ILLINOIS,SCHUYLER,4
ILLINOIS,WARREN,10
ILLINOIS,CALHOUN,2
ILLINOIS,CASS,5
ILLINOIS,CHRISTIAN,7
ILLINOIS,GREENE,4
ILLINOIS,MACOUPIN,9
ILLINOIS,MADISON,1
ILLINOIS,MONTGOMERY,15
ILLINOIS,MORGAN,4
ILLINOIS,PIKE,16
ILLINOIS,SANGAMON,4
ILLINOIS,SCOTT,2
INDIANA,BARTHOLOMEW,7
INDIANA,BOONE,3
INDIANA,CLINTON,17
INDIANA,DECATUR,22
INDIANA,GRANT,6
INDIANA,HANCOCK,12
INDIANA,HENDRICKS,4
INDIANA,HOWARD,3
INDIANA,MORGAN,2
INDIANA,RUSH,14
INDIANA,SHELBY,2
INDIANA,TIPTON,9
INDIANA,BLACKFORD,5
INDIANA,DELAWARE,3
INDIANA,HENRY,4
INDIANA,JAY,44
INDIANA,RANDOLPH,26
INDIANA,UNION,2
INDIANA,WAYNE,3
INDIANA,CARROLL,35
INDIANA,CASS,12
INDIANA,ELKHART,22
INDIANA,FULTON,7
INDIANA,KOSCIUSKO,17
INDIANA,MARSHALL,4
INDIANA,MIAMI,23
INDIANA,ST. JOSEPH,4
INDIANA,WABASH,24
INDIANA,ADAMS,25
INDIANA,ALLEN,7
INDIANA,HUNTINGTON,8
INDIANA,LAGRANGE,19
INDIANA,NOBLE,10
INDIANA,STEUBEN,2
INDIANA,WELLS,24
INDIANA,WHITLEY,19
INDIANA,JASPER,17
INDIANA,LA PORTE,4
INDIANA,NEWTON,5
INDIANA,PULASKI,7
INDIANA,STARKE,2
INDIANA,WHITE,27
INDIANA,CRAWFORD,4
INDIANA,JACKSON,9
INDIANA,ORANGE,1
INDIANA,PERRY,3
INDIANA,WASHINGTON,3
INDIANA,FRANKLIN,6
INDIANA,JENNINGS,2
INDIANA,RIPLEY,7
INDIANA,SCOTT,1
INDIANA,DAVIESS,9
INDIANA,DUBOIS,9
INDIANA,GIBSON,6
INDIANA,GREENE,3
INDIANA,KNOX,7
INDIANA,MARTIN,6
INDIANA,PIKE,3
INDIANA,POSEY,3
INDIANA,SPENCER,4
INDIANA,WARRICK,1
INDIANA,FOUNTAIN,2
INDIANA,MONTGOMERY,2
INDIANA,PUTNAM,6
INDIANA,TIPPECANOE,7
INDIANA,VERMILLION,1
INDIANA,WARREN,1
IOWA,BOONE,17
IOWA,DALLAS,5
IOWA,GRUNDY,34
IOWA,HAMILTON,60
IOWA,HARDIN,72
IOWA,JASPER,36
IOWA,MARSHALL,25
IOWA,POLK,1
IOWA,POWESHIEK,12
IOWA,STORY,21
IOWA,TAMA,31
IOWA,WEBSTER,32
IOWA,BENTON,15
IOWA,CEDAR,40
IOWA,CLINTON,29
IOWA,IOWA,20
IOWA,JACKSON,17
IOWA,JOHNSON,38
IOWA,JONES,19
IOWA,LINN,13
IOWA,MUSCATINE,24
IOWA,SCOTT,10
IOWA,BUTLER,39
IOWA,CERRO GORDO,18
IOWA,FLOYD,30
IOWA,FRANKLIN,66
IOWA,HANCOCK,53
IOWA,HUMBOLDT,21
IOWA,KOSSUTH,97
IOWA,MITCHELL,34
IOWA,WINNEBAGO,19
IOWA,WORTH,11
IOWA,WRIGHT,21
IOWA,ALLAMAKEE,18
IOWA,BLACK HAWK,46
IOWA,BREMER,43
IOWA,BUCHANAN,55
IOWA,CHICKASAW,33
IOWA,CLAYTON,35
IOWA,DELAWARE,106
IOWA,DUBUQUE,31
IOWA,FAYETTE,29
IOWA,HOWARD,34
IOWA,WINNESHIEK,32
IOWA,BUENA VISTA,75
IOWA,CHEROKEE,47
IOWA,CLAY,33
IOWA,DICKINSON,13
IOWA,EMMET,21
IOWA,LYON,207
IOWA,O BRIEN,140
IOWA,OSCEOLA,81
IOWA,PALO ALTO,67
IOWA,PLYMOUTH,153
IOWA,POCAHONTAS,22
IOWA,SIOUX,286
IOWA,CLARKE,3
IOWA,DECATUR,6
IOWA,LUCAS,3
IOWA,MADISON,8
IOWA,MARION,6
IOWA,MONROE,1
IOWA,RINGGOLD,7
IOWA,UNION,6
IOWA,WARREN,1
IOWA,WAYNE,2
IOWA,DAVIS,8
IOWA,DES MOINES,13
IOWA,HENRY,29
IOWA,JEFFERSON,14
IOWA,KEOKUK,35
IOWA,LEE,16
IOWA,LOUISA,36
IOWA,MAHASKA,56
IOWA,VAN BUREN,14
IOWA,WAPELLO,12
IOWA,WASHINGTON,142
IOWA,ADAIR,8
IOWA,ADAMS,10
IOWA,CASS,7
IOWA,FREMONT,1
IOWA,MONTGOMERY,5
IOWA,PAGE,4
IOWA,POTTAWATTAMIE,19
IOWA,TAYLOR,5
IOWA,AUDUBON,35
IOWA,CALHOUN,44
IOWA,CARROLL,74
IOWA,CRAWFORD,48
IOWA,GREENE,36
IOWA,GUTHRIE,27
IOWA,HARRISON,5
IOWA,IDA,5
IOWA,MONONA,3
IOWA,SAC,45
IOWA,SHELBY,23
IOWA,WOODBURY,6
KANSAS,BARTON,3
KANSAS,MARION,14
KANSAS,MCPHERSON,12
KANSAS,RICE,1
KANSAS,RUSH,1
KANSAS,FRANKLIN,3
KANSAS,GEARY,4
KANSAS,WABAUNSEE,1
KANSAS,CLAY,7
KANSAS,MITCHELL,1
KANSAS,PHILLIPS,4
KANSAS,WASHINGTON,7
KANSAS,BROWN,4
KANSAS,JACKSON,2
KANSAS,MARSHALL,3
KANSAS,NEMAHA,18
KANSAS,POTTAWATOMIE,1
KANSAS,RILEY,1
KANSAS,NORTON,1
KANSAS,HARVEY,6
KANSAS,PRATT,2
KANSAS,RENO,2
KANSAS,STAFFORD,1
KANSAS,BUTLER,4
KANSAS,MONTGOMERY,1
KANSAS,GRANT,2
KANSAS,GRAY,1
KANSAS,KEARNY,1
KANSAS,MORTON,2
KANSAS,STANTON,1
KANSAS,STEVENS,1
KANSAS,GREELEY,1
KANSAS,SCOTT,2
KANSAS,WALLACE,1
KANSAS,WICHITA,1
KENTUCKY,ALLEN,1
KENTUCKY,HARDIN,5
KENTUCKY,MARION,1
KENTUCKY,WARREN,3
KENTUCKY,DAVIESS,1
KENTUCKY,HOPKINS,1
KENTUCKY,LOGAN,1
KENTUCKY,MUHLENBERG,2
KENTUCKY,TODD,5
KENTUCKY,CALLOWAY,1
KENTUCKY,CARLISLE,2
KENTUCKY,FULTON,2
KENTUCKY,GRAVES,4
KENTUCKY,HICKMAN,5
KENTUCKY,MARSHALL,2
MARYLAND,FREDERICK,1
MARYLAND,WASHINGTON,1
MARYLAND,CECIL,1
MARYLAND,KENT,1
MASSACHUSETTS,HAMPSHIRE,1
MICHIGAN,GRATIOT,7
MICHIGAN,MECOSTA,5
MICHIGAN,MIDLAND,2
MICHIGAN,MONTCALM,10
MICHIGAN,OSCEOLA,3
MICHIGAN,HURON,14
MICHIGAN,SAGINAW,2
MICHIGAN,SANILAC,1
MICHIGAN,TUSCOLA,3
MICHIGAN,GRAND TRAVERSE,4
MICHIGAN,BRANCH,12
MICHIGAN,CALHOUN,2
MICHIGAN,CLINTON,4
MICHIGAN,HILLSDALE,4
MICHIGAN,IONIA,10
MICHIGAN,ST JOSEPH,7
MICHIGAN,LENAWEE,1
MICHIGAN,ALLEGAN,25
MICHIGAN,BERRIEN,6
MICHIGAN,CASS,16
MICHIGAN,KALAMAZOO,9
MICHIGAN,KENT,4
MICHIGAN,OTTAWA,20
MICHIGAN,VAN BUREN,1
MICHIGAN,MASON,4
MICHIGAN,MUSKEGON,4
MICHIGAN,OCEANA,8
MINNESOTA,BENTON,7
MINNESOTA,CARVER,4
MINNESOTA,KANDIYOHI,22
MINNESOTA,MCLEOD,2
MINNESOTA,MEEKER,1
MINNESOTA,MORRISON,22
MINNESOTA,RENVILLE,45
MINNESOTA,SCOTT,1
MINNESOTA,SHERBURNE,2
MINNESOTA,SIBLEY,19
MINNESOTA,STEARNS,11
MINNESOTA,TODD,1
MINNESOTA,WRIGHT,1
MINNESOTA,ISANTI,5
MINNESOTA,KANABEC,1
MINNESOTA,BECKER,3
MINNESOTA,CLAY,3
MINNESOTA,NORMAN,2
MINNESOTA,POLK,1
MINNESOTA,ROSEAU,6
MINNESOTA,BLUE EARTH,83
MINNESOTA,BROWN,37
MINNESOTA,FARIBAULT,53
MINNESOTA,FREEBORN,34
MINNESOTA,LE SUEUR,26
MINNESOTA,MARTIN,149
MINNESOTA,NICOLLET,77
MINNESOTA,RICE,25
MINNESOTA,STEELE,24
MINNESOTA,WASECA,41
MINNESOTA,WATONWAN,33
MINNESOTA,DAKOTA,2
MINNESOTA,DODGE,19
MINNESOTA,FILLMORE,32
MINNESOTA,GOODHUE,31
MINNESOTA,HOUSTON,7
MINNESOTA,MOWER,51
MINNESOTA,OLMSTED,6
MINNESOTA,WABASHA,9
MINNESOTA,WINONA,3
MINNESOTA,COTTONWOOD,42
MINNESOTA,JACKSON,45
MINNESOTA,LINCOLN,16
MINNESOTA,LYON,64
MINNESOTA,MURRAY,46
MINNESOTA,NOBLES,96
MINNESOTA,PIPESTONE,24
MINNESOTA,REDWOOD,80
MINNESOTA,ROCK,88
MINNESOTA,BIG STONE,5
MINNESOTA,CHIPPEWA,11
MINNESOTA,GRANT,1
MINNESOTA,LAC QUI PARLE,38
MINNESOTA,POPE,8
MINNESOTA,STEVENS,31
MINNESOTA,SWIFT,7
MINNESOTA,TRAVERSE,5
MINNESOTA,YELLOW MEDICINE,28
MISSISSIPPI,CHOCTAW,1
MISSISSIPPI,MONTGOMERY,1
MISSISSIPPI,WEBSTER,1
MISSISSIPPI,CHICKASAW,4
MISSISSIPPI,CLAY,4
MISSISSIPPI,LOWNDES,1
MISSISSIPPI,NOXUBEE,2
MISSISSIPPI,OKTIBBEHA,2
MISSOURI,BENTON,1
MISSOURI,BOONE,1
MISSOURI,CALLAWAY,11
MISSOURI,CAMDEN,3
MISSOURI,COOPER,1
MISSOURI,DALLAS,1
MISSOURI,LACLEDE,1
MISSOURI,MARIES,5
MISSOURI,MILLER,25
MISSOURI,MORGAN,22
MISSOURI,OSAGE,5
MISSOURI,PETTIS,30
MISSOURI,PULASKI,6
MISSOURI,SALINE,13
MISSOURI,FRANKLIN,4
MISSOURI,LINCOLN,2
MISSOURI,MONTGOMERY,2
MISSOURI,ST CHARLES,7
MISSOURI,STE GENEVIEVE,1
MISSOURI,WARREN,1
MISSOURI,CARROLL,1
MISSOURI,CHARITON,7
MISSOURI,GRUNDY,5
MISSOURI,LINN,1
MISSOURI,LIVINGSTON,6
MISSOURI,MACON,3
MISSOURI,MERCER,7
MISSOURI,PUTNAM,14
MISSOURI,RANDOLPH,3
MISSOURI,SCHUYLER,10
MISSOURI,SULLIVAN,7
MISSOURI,AUDRAIN,12
MISSOURI,CLARK,4
MISSOURI,KNOX,11
MISSOURI,LEWIS,1
MISSOURI,MARION,10
MISSOURI,MONROE,18
MISSOURI,PIKE,6
MISSOURI,RALLS,3
MISSOURI,SCOTLAND,33
MISSOURI,SHELBY,21
MISSOURI,CALDWELL,1
MISSOURI,CLINTON,1
MISSOURI,DAVIESS,14
MISSOURI,GENTRY,9
MISSOURI,HARRISON,2
MISSOURI,WORTH,6
MISSOURI,MADISON,1
MISSOURI,SCOTT,1
MISSOURI,BARTON,18
MISSOURI,BATES,6
MISSOURI,CASS,3
MISSOURI,HENRY,8
MISSOURI,JOHNSON,1
MISSOURI,LAFAYETTE,9
MISSOURI,VERNON,8
MONTANA,CASCADE,7
MONTANA,GOLDEN VALLEY,1
MONTANA,LEWIS AND CLARK,2
MONTANA,MEAGHER,1
MONTANA,WHEATLAND,3
MONTANA,BLAINE,1
MONTANA,CHOUTEAU,2
MONTANA,GLACIER,5
MONTANA,HILL,4
MONTANA,LIBERTY,3
MONTANA,PONDERA,4
MONTANA,TETON,2
MONTANA,TOOLE,3
MONTANA,MCCONE,1
MONTANA,FLATHEAD,3
MONTANA,YELLOWSTONE,1
NEBRASKA,BUFFALO,2
NEBRASKA,CUSTER,1
NEBRASKA,DAWSON,6
NEBRASKA,GREELEY,1
NEBRASKA,HALL,4
NEBRASKA,HOWARD,1
NEBRASKA,BUTLER,7
NEBRASKA,CASS,2
NEBRASKA,COLFAX,19
NEBRASKA,DODGE,12
NEBRASKA,HAMILTON,2
NEBRASKA,LANCASTER,3
NEBRASKA,MERRICK,2
NEBRASKA,NANCE,4
NEBRASKA,PLATTE,49
NEBRASKA,POLK,7
NEBRASKA,SAUNDERS,2
NEBRASKA,SEWARD,4
NEBRASKA,WASHINGTON,7
NEBRASKA,YORK,10
NEBRASKA,ARTHUR,3
NEBRASKA,BROWN,2
NEBRASKA,HOLT,6
NEBRASKA,THOMAS,3
NEBRASKA,WHEELER,1
NEBRASKA,ANTELOPE,17
NEBRASKA,BOONE,1
NEBRASKA,BURT,3
NEBRASKA,CEDAR,18
NEBRASKA,CUMING,28
NEBRASKA,DAKOTA,4
NEBRASKA,DIXON,12
NEBRASKA,KNOX,22
NEBRASKA,MADISON,12
NEBRASKA,PIERCE,23
NEBRASKA,STANTON,5
NEBRASKA,WAYNE,6
NEBRASKA,SCOTTS BLUFF,3
NEBRASKA,ADAMS,6
NEBRASKA,FURNAS,1
NEBRASKA,GOSPER,1
NEBRASKA,HARLAN,2
NEBRASKA,PHELPS,1
NEBRASKA,WEBSTER,4
NEBRASKA,CLAY,8
NEBRASKA,FILLMORE,8
NEBRASKA,GAGE,10
NEBRASKA,JEFFERSON,3
NEBRASKA,JOHNSON,2
NEBRASKA,OTOE,9
NEBRASKA,RICHARDSON,2
NEBRASKA,SALINE,8
NEBRASKA,THAYER,1
NEBRASKA,CHASE,1
NEBRASKA,PERKINS,3
NEBRASKA,RED WILLOW,5
NEVADA,CLARK,1
NEW HAMPSHIRE,HILLSBOROUGH,1
NEW YORK,TOMPKINS,1
NEW YORK,STEUBEN,1
NEW YORK,SENECA,4
NEW YORK,WAYNE,2
NORTH CAROLINA,BEAUFORT,3
NORTH CAROLINA,CRAVEN,7
NORTH CAROLINA,GREENE,45
NORTH CAROLINA,JOHNSTON,25
NORTH CAROLINA,JONES,23
NORTH CAROLINA,LENOIR,46
NORTH CAROLINA,PITT,38
NORTH CAROLINA,WAYNE,53
NORTH CAROLINA,WILSON,2
NORTH CAROLINA,RANDOLPH,3
NORTH CAROLINA,ROWAN,1
NORTH CAROLINA,BERTIE,1
NORTH CAROLINA,CHOWAN,1
NORTH CAROLINA,EDGECOMBE,8
NORTH CAROLINA,GATES,2
NORTH CAROLINA,HALIFAX,4
NORTH CAROLINA,HERTFORD,4
NORTH CAROLINA,MARTIN,1
NORTH CAROLINA,NASH,6
NORTH CAROLINA,NORTHAMPTON,3
NORTH CAROLINA,PERQUIMANS,1
NORTH CAROLINA,TYRRELL,1
NORTH CAROLINA,WASHINGTON,1
NORTH CAROLINA,SURRY,3
NORTH CAROLINA,YADKIN,1
NORTH CAROLINA,FRANKLIN,4
NORTH CAROLINA,GUILFORD,1
NORTH CAROLINA,WARREN,5
NORTH CAROLINA,BLADEN,51
NORTH CAROLINA,BRUNSWICK,7
NORTH CAROLINA,COLUMBUS,18
NORTH CAROLINA,CUMBERLAND,12
NORTH CAROLINA,DUPLIN,258
NORTH CAROLINA,HARNETT,13
NORTH CAROLINA,HOKE,10
NORTH CAROLINA,ONSLOW,31
NORTH CAROLINA,PENDER,25
NORTH CAROLINA,ROBESON,25
NORTH CAROLINA,SAMPSON,199
NORTH CAROLINA,SCOTLAND,1
NORTH CAROLINA,ANSON,6
NORTH CAROLINA,CABARRUS,1
NORTH CAROLINA,MONTGOMERY,1
NORTH CAROLINA,MOORE,1
NORTH CAROLINA,RICHMOND,7
NORTH CAROLINA,UNION,1
NORTH DAKOTA,BOTTINEAU,2
NORTH DAKOTA,GRAND FORKS,7
NORTH DAKOTA,NELSON,1
NORTH DAKOTA,RAMSEY,1
NORTH DAKOTA,TOWNER,3
NORTH DAKOTA,DIVIDE,1
NORTH DAKOTA,DICKEY,2
NORTH DAKOTA,LA MOURE,1
NORTH DAKOTA,RANSOM,3
NORTH DAKOTA,BOWMAN,1
OHIO,DELAWARE,5
OHIO,FAIRFIELD,16
OHIO,FAYETTE,2
OHIO,FRANKLIN,1
OHIO,KNOX,7
OHIO,LICKING,7
OHIO,MADISON,2
OHIO,MARION,24
OHIO,MORROW,3
OHIO,UNION,7
OHIO,COSHOCTON,5
OHIO,HARRISON,1
OHIO,HOLMES,2
OHIO,TUSCARAWAS,2
OHIO,ASHLAND,4
OHIO,CRAWFORD,14
OHIO,HURON,9
OHIO,LORAIN,2
OHIO,RICHLAND,16
OHIO,SANDUSKY,2
OHIO,SENECA,12
OHIO,WYANDOT,15
OHIO,COLUMBIANA,2
OHIO,WAYNE,5
OHIO,ALLEN,17
OHIO,DEFIANCE,1
OHIO,FULTON,7
OHIO,HANCOCK,16
OHIO,HENRY,6
OHIO,LUCAS,2
OHIO,PAULDING,12
OHIO,PUTNAM,47
OHIO,VAN WERT,32
OHIO,WILLIAMS,7
OHIO,WOOD,2
OHIO,ADAMS,1
OHIO,HIGHLAND,6
OHIO,PIKE,1
OHIO,GUERNSEY,1
OHIO,HOCKING,1
OHIO,MORGAN,1
OHIO,MUSKINGUM,2
OHIO,PERRY,3
OHIO,BUTLER,4
OHIO,CLINTON,6
OHIO,GREENE,4
OHIO,MONTGOMERY,2
OHIO,PREBLE,17
OHIO,AUGLAIZE,25
OHIO,CHAMPAIGN,11
OHIO,CLARK,3
OHIO,DARKE,74
OHIO,HARDIN,23
OHIO,LOGAN,4
OHIO,MERCER,90
OHIO,MIAMI,1
OHIO,SHELBY,33
OKLAHOMA,GRADY,2
OKLAHOMA,KINGFISHER,1
OKLAHOMA,OKFUSKEE,5
OKLAHOMA,POTTAWATOMIE,1
OKLAHOMA,SEMINOLE,3
OKLAHOMA,HUGHES,13
OKLAHOMA,MAJOR,1
OKLAHOMA,WOODWARD,2
OKLAHOMA,BEAVER,3
OKLAHOMA,ELLIS,5
OKLAHOMA,HARPER,4
OKLAHOMA,TEXAS,3
OKLAHOMA,COAL,1
OKLAHOMA,LATIMER,3
OKLAHOMA,LEFLORE,3
OKLAHOMA,CADDO,5
OKLAHOMA,CUSTER,1
PENNSYLVANIA,CLEARFIELD,1
PENNSYLVANIA,COLUMBIA,6
PENNSYLVANIA,DAUPHIN,5
PENNSYLVANIA,HUNTINGDON,4
PENNSYLVANIA,JUNIATA,5
PENNSYLVANIA,MIFFLIN,6
PENNSYLVANIA,NORTHUMBERLAND,4
PENNSYLVANIA,PERRY,17
PENNSYLVANIA,SNYDER,21
PENNSYLVANIA,UNION,11
PENNSYLVANIA,LEHIGH,2
PENNSYLVANIA,BRADFORD,3
PENNSYLVANIA,CLINTON,1
PENNSYLVANIA,LYCOMING,3
PENNSYLVANIA,TIOGA,7
PENNSYLVANIA,ADAMS,4
PENNSYLVANIA,BEDFORD,5
PENNSYLVANIA,CUMBERLAND,8
PENNSYLVANIA,FRANKLIN,14
PENNSYLVANIA,FULTON,10
PENNSYLVANIA,YORK,6
PENNSYLVANIA,BERKS,19
PENNSYLVANIA,CHESTER,3
PENNSYLVANIA,LANCASTER,83
PENNSYLVANIA,LEBANON,16
PENNSYLVANIA,SOMERSET,4
SOUTH CAROLINA,CLARENDON,4
SOUTH CAROLINA,ORANGEBURG,2
SOUTH CAROLINA,DILLON,11
SOUTH CAROLINA,HORRY,7
SOUTH CAROLINA,MARLBORO,2
SOUTH CAROLINA,WILLIAMSBURG,1
SOUTH CAROLINA,YORK,1
SOUTH CAROLINA,DORCHESTER,1
SOUTH DAKOTA,AURORA,1
SOUTH DAKOTA,BEADLE,4
SOUTH DAKOTA,BRULE,9
SOUTH DAKOTA,HAND,2
SOUTH DAKOTA,HUGHES,1
SOUTH DAKOTA,JERAULD,2
SOUTH DAKOTA,SULLY,2
SOUTH DAKOTA,BROOKINGS,13
SOUTH DAKOTA,DAVISON,9
SOUTH DAKOTA,HANSON,6
SOUTH DAKOTA,KINGSBURY,2
SOUTH DAKOTA,LAKE,13
SOUTH DAKOTA,MCCOOK,11
SOUTH DAKOTA,MINER,1
SOUTH DAKOTA,MINNEHAHA,12
SOUTH DAKOTA,MOODY,5
SOUTH DAKOTA,SANBORN,1
SOUTH DAKOTA,BROWN,2
SOUTH DAKOTA,CAMPBELL,1
SOUTH DAKOTA,EDMUNDS,4
SOUTH DAKOTA,FAULK,4
SOUTH DAKOTA,MCPHERSON,4
SOUTH DAKOTA,POTTER,1
SOUTH DAKOTA,SPINK,6
SOUTH DAKOTA,CLARK,8
SOUTH DAKOTA,CODINGTON,6
SOUTH DAKOTA,DAY,2
SOUTH DAKOTA,DEUEL,2
SOUTH DAKOTA,GRANT,5
SOUTH DAKOTA,HAMLIN,3
SOUTH DAKOTA,MARSHALL,3
SOUTH DAKOTA,ROBERTS,4
SOUTH DAKOTA,GREGORY,1
SOUTH DAKOTA,MELLETTE,1
SOUTH DAKOTA,TRIPP,4
SOUTH DAKOTA,BON HOMME,2
SOUTH DAKOTA,CHARLES MIX,17
SOUTH DAKOTA,CLAY,1
SOUTH DAKOTA,DOUGLAS,9
SOUTH DAKOTA,HUTCHINSON,21
SOUTH DAKOTA,LINCOLN,14
SOUTH DAKOTA,TURNER,9
SOUTH DAKOTA,UNION,3
SOUTH DAKOTA,YANKTON,7
TENNESSEE,OVERTON,1
TENNESSEE,DYER,1
TENNESSEE,OBION,3
TENNESSEE,CARROLL,1
TENNESSEE,FAYETTE,1
TENNESSEE,HENRY,12
TENNESSEE,WEAKLEY,12
TENNESSEE,LAWRENCE,1
TENNESSEE,MONTGOMERY,3
TENNESSEE,WAYNE,1
TEXAS,ANDERSON,1
TEXAS,HOUSTON,1
TEXAS,MADISON,1
TEXAS,WALKER,1
TEXAS,LAMPASAS,1
TEXAS,SAN SABA,1
TEXAS,DALLAM,1
TEXAS,GRAY,1
TEXAS,HANSFORD,1
TEXAS,LIPSCOMB,3
TEXAS,OCHILTREE,2
TEXAS,SHERMAN,2
UTAH,MILLARD,2
UTAH,CACHE,1
UTAH,BEAVER,15
UTAH,IRON,2
VIRGINIA,BUCKINGHAM,6
VIRGINIA,PRINCE EDWARD,2
VIRGINIA,BRUNSWICK,1
VIRGINIA,GREENSVILLE,1
VIRGINIA,ISLE OF WIGHT,3
VIRGINIA,SOUTHAMPTON,4
VIRGINIA,SURRY,2
VIRGINIA,SUSSEX,1
VIRGINIA,CHARLOTTE,2
VIRGINIA,HALIFAX,6
VIRGINIA,PITTSYLVANIA,1
WASHINGTON,GRANT,1
WISCONSIN,KEWAUNEE,2
WISCONSIN,CHIPPEWA,1
WISCONSIN,COLUMBIA,3
WISCONSIN,DANE,3
WISCONSIN,DODGE,4
WISCONSIN,ROCK,11
WISCONSIN,RACINE,2
WISCONSIN,WALWORTH,3
WISCONSIN,CRAWFORD,1
WISCONSIN,GRANT,12
WISCONSIN,LAFAYETTE,5
WISCONSIN,RICHLAND,2
WISCONSIN,SAUK,4
WISCONSIN,DUNN,3
WISCONSIN,JACKSON,2
WISCONSIN,TREMPEALEAU,1
WYOMING,LARAMIE,2
WYOMING,PLATTE,1