Company,Location Name,Type,Address,City,State,Zip
Nutrien Ag Solutions,Altheimer,RetailBranch,15629 N US Highway 79,Altheimer,AR,72004
Nutrien Ag Solutions,Barton Ag,CommissionedAgent,6471 Hwy. 49 West,Barton,AR,72374
Nutrien Ag Solutions,Cash AR,RetailBranch,12432 HWY 226,Cash,AR,72421
Nutrien Ag Solutions,Clarendon AR,RetailBranch,10448 Hwy. 79 East,Clarendon,AR,72029
Nutrien Ag Solutions,Corning AR,RetailBranch,108 Airport Highway 980,Corning,AR,72422
Nutrien Ag Solutions,Crawfordsville AR,RetailBranch,7488 Highway 64,Crawfordsville,AR,72327
Nutrien Ag Solutions,Des Arc,RetailBranch,2010 Main Street,Des Arc,AR,72040
Nutrien Ag Solutions,Forrest City AR,RetailBranch,4889 HWY 70 W,Forrest City,AR,72335
Nutrien Ag Solutions,Grady,RetailBranch,920 Grady Avenue,Grady,AR,71644
Nutrien Ag Solutions,Grady (Pinebelt),RetailBranch,920 Grady Avenue,Grady,AR,71644
Nutrien Ag Solutions,Monticello,RetailBranch,920 Grady Avenue,Grady,AR,71644
Nutrien Ag Solutions,Hazen,RetailBranch,927 Highway 70 West,Hazen,AR,72064
Nutrien Ag Solutions,Blackfish AR,RetailBranch,134 HWY 149,Heth,AR,72348
Nutrien Ag Solutions,Lake City,RetailBranch,401 Carter Street,Lake City,AR,72437
Nutrien Ag Solutions,LAKE VILLAGE,RetailBranch,103 West Parkway,Lake Village,AR,71653
Nutrien Ag Solutions,Lepanto,RetailBranch,40200 Hwy 14 East,Lepanto,AR,72354
Nutrien Ag Solutions,Lost Cane,RetailBranch,2096 West State Hwy 158,Manila,AR,72442
Nutrien Ag Solutions,Marianna,RetailBranch,332 Lee County Rd 303,Marianna,AR,72360
Nutrien Ag Solutions,Marked Tree,RetailBranch,309 W. 2nd Street,Marked Tree,AR,72365
Nutrien Ag Solutions,Marvell,RetailBranch,24 HWY 318,Marvell,AR,72366
Nutrien Ag Solutions,McCrory,RetailBranch,516 Poplar,McCrory,AR,72101
Nutrien Ag Solutions,Monette AR,CommissionedAgent,210 W. Main,Monette,AR,72447
Nutrien Ag Solutions,Stonewall AR,RetailBranch,13220 Highway 135 North,Paragould,AR,72450
Nutrien Ag Solutions,Three Rivers Aviation,RetailBranch,4081 Greene 905 Road,Paragould,AR,72450
Nutrien Ag Solutions,Portland,RetailBranch,153 Highway 165 S,Portland,AR,71663
Nutrien Ag Solutions,Winchester,RetailBranch,2232 US Hwy 65 & 138,Winchester,AR,71677
Nutrien Ag Solutions,Boyce,RetailBranch,5012 Hot Wells Road,Boyce,LA,71409
Nutrien Ag Solutions,Bunkie,RetailBranch,1970 Hwy 29 East,Bunkie,LA,71322
Nutrien Ag Solutions,Whiteville LA,RetailBranch,6689 Highway 29,Bunkie,LA,71322
Nutrien Ag Solutions,Dunn,RetailBranch,11 Highway 609,Delhi,LA,71232
Nutrien Ag Solutions,Elton,RetailBranch,31032 Bornsdall Rd.,Elton,LA,70532
Nutrien Ag Solutions,Ferriday LA,RetailBranch,7123 Highway 84,Ferriday,LA,71334
Nutrien Ag Solutions,Gilliam LA,RetailBranch,12739 Lay Street,Gilliam,LA,71029
Nutrien Ag Solutions,Hamburg LA,RetailBranch,12548 Highway 1,Hamburg,LA,71339
Nutrien Ag Solutions,Jonesville,RetailBranch,1182 Delta Gin Road,Jonesville,LA,71343
Nutrien Ag Solutions,Lake Providence,RetailBranch,5400 Hwy 65 N,Lake Providence,LA,71254
Nutrien Ag Solutions,Lake Providence Port,RetailBranch,487 Port Road,Lake Providence,LA,71254
Nutrien Ag Solutions,Monticello,RetailBranch,683 Hwy 577,Lake Providence,LA,71254
Nutrien Ag Solutions,Mer Rouge,RetailBranch,502 12th Street,Mer Rouge,LA,71261
Nutrien Ag Solutions,New Roads,RetailBranch,8462 Airport Rd,New Roads,LA,70760
Nutrien Ag Solutions,Opelousas,RetailBranch,3110 West Landry,Opelousas,LA,70570
Nutrien Ag Solutions,Pioneer LA,RetailBranch,6107 Broadway,Pioneer,LA,71266
Nutrien Ag Solutions,Rayville,RetailBranch,11 Gin Rd,Rayville,LA,71269
Nutrien Ag Solutions,South Delta,DivisionOffice,11 Gin Rd,Rayville,LA,71269
Nutrien Ag Solutions,Tallulah,RetailBranch,343 Hwy 80 East,Tallulah,LA,71282
Nutrien Ag Solutions,Thibodaux,RetailBranch,805 St Patrick Highway,Thibodaux,LA,70301-2615
Nutrien Ag Solutions,Crowville,RetailBranch,888 Highway 577,Winnsboro,LA,71295
Nutrien Ag Solutions,Wisner,RetailBranch,3082 Hwy 562,Wisner,LA,71378
Nutrien Ag Solutions,Bernie,RetailBranch,1496 State Highway 25,Bernie,MO,63822
Nutrien Ag Solutions,Bowling Green - Direct,RetailBranch,17410 Pike Rd 291,Bowling Green,MO,63334-3045
Nutrien Ag Solutions,Bowling Green - Full,RetailBranch,16083 Business Hwy 61 N,Bowling Green,MO,63334
Nutrien Ag Solutions,Clarence MO,RetailBranch,202 South Macon Street,Clarence,MO,63437
Nutrien Ag Solutions,Cooter,RetailBranch,179 Lynn Circle,Cooter,MO,63839
Nutrien Ag Solutions,Queen City,RetailBranch,24701 Hwy 63 N.,Greentop,MO,63546
Nutrien Ag Solutions,West Central Illinois,DivisionOffice,6468 Interstate Court,Hannibal,MO,63401
Nutrien Ag Solutions,Harrisonville MO,RetailBranch,1506 W Mechanic St,Harrisonville,MO,64701
Nutrien Ag Solutions,Rives,RetailBranch,22572 State Highway 164,Hornersville,MO,63855
Nutrien Ag Solutions,Hughesville,RetailBranch,25204 Highway D,Hughesville,MO,65334
Nutrien Ag Solutions,"Keytesville, MO (Greenfield)",RetailBranch,29260 Hwy K,Keytesville,MO,65261
Nutrien Ag Solutions,Marston Application,RetailBranch,500 County Highway 406,Marston,MO,63866
Nutrien Ag Solutions,Memphis,RetailBranch,Hwy 15,Memphis,MO,63555
Nutrien Ag Solutions,Palmyra,RetailBranch,6825 County Road 338,Palmyra,MO,63461-9801
Nutrien Ag Solutions,Paris MO,RetailBranch,26411 Monroe Rd. 720,Paris,MO,65275
Nutrien Ag Solutions,Perry,RetailBranch,28262 Mexico Rd,Perry,MO,63462-2500
Nutrien Ag Solutions,Mid-South,DivisionOffice,1673 US Highway 61 North,Portageville,MO,63873
Nutrien Ag Solutions,Portageville,RetailBranch,1673 US Highway 61 North,Portageville,MO,63873
Nutrien Ag Solutions,Farmers Union - Senath,RetailBranch,207 State Highway C,Senath,MO,63876
Nutrien Ag Solutions,Senath,RetailBranch,500 North Main,Senath,MO,63876
Nutrien Ag Solutions,Sikeston,RetailBranch,18267 Us Highway 61 South,Sikeston,MO,63801
Nutrien Ag Solutions,Westboro,RetailBranch,501 S. Adams,Westboro,MO,64498
Nutrien Ag Solutions,Charleston,RetailBranch,711 South Highway 105,charleston,MO,63834-7300
Nutrien Ag Solutions,Anguilla,RetailBranch,108 North and Main St,Anguilla,MS,38721-0211
Nutrien Ag Solutions,Bolton,RetailBranch,6800 I-20 Frontage Road,Bolton,MS,39041
Nutrien Ag Solutions,Cleveland,RetailBranch,695 Gaines Hwy,Boyle,MS,38730
Nutrien Ag Solutions,Clarksdale MS,RetailBranch,1703 Desoto,Clarksdale,MS,38614
Nutrien Ag Solutions,Grenada Air Industrial Park,RetailBranch,1291 Air Industrial Park Road,Grenada,MS,38901
Nutrien Ag Solutions,Guntown MS,RetailBranch,1013 Highway 348,Guntown,MS,38849
Nutrien Ag Solutions,Hollandale,RetailBranch,443 East Ave South,Hollandale,MS,38748
Nutrien Ag Solutions,Holly Bluff,RetailBranch,805 Hwy 16 West,Holly Bluff,MS,39088
Nutrien Ag Solutions,Indianola,RetailBranch,800 Highway 82 West,Indianola,MS,38751
Nutrien Ag Solutions,Leland,RetailBranch,1220 Highway 82 East,Leland,MS,38756
Nutrien Ag Solutions,Leland Timberland,RetailBranch,166 Seven Oaks Road,Leland,MS,38756
Nutrien Ag Solutions,Macon MS,RetailBranch,4093 Deerbrook Rd,Macon,MS,39341
Nutrien Ag Solutions,Sidon,RetailBranch,33780 CR 512,Sidon,MS,38954
Nutrien Ag Solutions,Tunica,RetailBranch,4077 Josephine Road,Tunica,MS,38676
Nutrien Ag Solutions,Vicksburg MS,RetailBranch,247 Armory Rd,Vicksburg,MS,39183
Nutrien Ag Solutions,Dyna-Gro Reserach Winterville,RetailBranch,737 Blaylock Road,Winterville,MS,38701